{"accuracy": [0.6521739363670349, 0.7743270993232727, 0.8260869383811951, 0.8364388942718506, 0.8260869383811951, 0.8550724387168884, 0.8550724387168884, 0.8612836599349976, 0.8819875717163086, 0.8944099545478821, 0.8674948215484619, 0.888198733329773, 0.8923395276069641, 0.8985507488250732, 0.9006211161613464, 0.910973072052002, 0.8964803218841553, 0.910973072052002, 0.8964803218841553, 0.9047619104385376, 0.9089027047157288, 0.9089027047157288, 0.910973072052002, 0.9254658222198486], "loss": [0.6014507412910461, 0.48802700638771057, 0.39302462339401245, 0.3472943603992462, 0.369321346282959, 0.3190881907939911, 0.3031964600086212, 0.28747305274009705, 0.2638016939163208, 0.2604476511478424, 0.2553360164165497, 0.25869759917259216, 0.2410341203212738, 0.23629586398601532, 0.21660788357257843, 0.20733122527599335, 0.218758225440979, 0.2070508897304535, 0.2211872935295105, 0.20925402641296387, 0.20841819047927856, 0.20309804379940033, 0.2016320824623108, 0.19317708909511566], "val_accuracy": [0.6833333373069763, 0.8333333134651184, 0.8166666626930237, 0.8666666746139526, 0.8666666746139526, 0.8666666746139526, 0.8999999761581421, 0.8833333253860474, 0.8833333253860474, 0.8833333253860474, 0.8833333253860474, 0.8999999761581421, 0.8833333253860474, 0.9166666865348816, 0.8999999761581421, 0.8833333253860474, 0.9166666865348816, 0.8999999761581421, 0.8999999761581421, 0.8999999761581421, 0.8999999761581421, 0.8999999761581421, 0.9166666865348816, 0.8999999761581421], "val_loss": [0.4995504319667816, 0.3957509398460388, 0.33534669876098633, 0.3158859610557556, 0.2740800976753235, 0.2890992760658264, 0.26769357919692993, 0.24864785373210907, 0.24279335141181946, 0.2335122972726822, 0.2455727607011795, 0.2357742339372635, 0.23413142561912537, 0.23315463960170746, 0.22810888290405273, 0.23053380846977234, 0.2259700447320938, 0.22864581644535065, 0.2231515347957611, 0.23149824142456055, 0.2332669198513031, 0.2307169884443283, 0.23822633922100067, 0.2237204909324646]}