{"accuracy": [0.6611374616622925, 0.6611374616622925, 0.6611374616622925, 0.6611374616622925, 0.6635071039199829, 0.6777251362800598, 0.7203791737556458, 0.7654028534889221, 0.8222748637199402, 0.8412322402000427, 0.8578199148178101, 0.8696682453155518, 0.8720378875732422, 0.8696682453155518, 0.8957346081733704, 0.8862559199333191, 0.8909952640533447, 0.8838862776756287, 0.8909952640533447, 0.8933649063110352, 0.8957346081733704, 0.8838862776756287, 0.900473952293396, 0.8886256217956543, 0.900473952293396, 0.8981042504310608, 0.900473952293396, 0.900473952293396, 0.9075829386711121, 0.9028435945510864, 0.8981042504310608, 0.9028435945510864, 0.9075829386711121, 0.9075829386711121, 0.9028435945510864, 0.8981042504310608, 0.9099525809288025, 0.9052132964134216, 0.9075829386711121, 0.8957346081733704, 0.900473952293396, 0.9075829386711121, 0.9075829386711121, 0.9052132964134216, 0.900473952293396, 0.9075829386711121, 0.9123222827911377, 0.9123222827911377, 0.9123222827911377, 0.9146919250488281], "loss": [0.6323590278625488, 0.5992388129234314, 0.5726733207702637, 0.5520814061164856, 0.5327649116516113, 0.5100162625312805, 0.48909658193588257, 0.46106958389282227, 0.4374357759952545, 0.418184757232666, 0.39821183681488037, 0.37691646814346313, 0.35716962814331055, 0.3461267948150635, 0.33104217052459717, 0.32515949010849, 0.31028974056243896, 0.3012760877609253, 0.29489725828170776, 0.2865126132965088, 0.28004369139671326, 0.27359744906425476, 0.27255645394325256, 0.2653980553150177, 0.2584373950958252, 0.25540706515312195, 0.2591940462589264, 0.25032761693000793, 0.24894630908966064, 0.2415565401315689, 0.24186331033706665, 0.23753999173641205, 0.2395140677690506, 0.23248764872550964, 0.23270922899246216, 0.2286975383758545, 0.2322770059108734, 0.22855235636234283, 0.22667793929576874, 0.22945965826511383, 0.22766686975955963, 0.22450871765613556, 0.22533263266086578, 0.2242925763130188, 0.216286301612854, 0.2272319346666336, 0.22100989520549774, 0.21815365552902222, 0.20815588533878326, 0.20957285165786743], "val_accuracy": [0.6483516693115234, 0.6483516693115234, 0.6483516693115234, 0.6483516693115234, 0.6593406796455383, 0.7032967209815979, 0.791208803653717, 0.8131868243217468, 0.8241758346557617, 0.8351648449897766, 0.8351648449897766, 0.8351648449897766, 0.8351648449897766, 0.8021978139877319, 0.8351648449897766, 0.8681318759918213, 0.8351648449897766, 0.8681318759918213, 0.8681318759918213, 0.8791208863258362, 0.8901098966598511, 0.8681318759918213, 0.8901098966598511, 0.8901098966598511, 0.8901098966598511, 0.8901098966598511, 0.8901098966598511, 0.8901098966598511, 0.8901098966598511, 0.8901098966598511, 0.8901098966598511, 0.8901098966598511, 0.8901098966598511, 0.8901098966598511, 0.8901098966598511, 0.8901098966598511, 0.8901098966598511, 0.8901098966598511, 0.8901098966598511, 0.8901098966598511, 0.8901098966598511, 0.8901098966598511, 0.8791208863258362, 0.8901098966598511, 0.8901098966598511, 0.8901098966598511, 0.8901098966598511, 0.8901098966598511, 0.8901098966598511, 0.8901098966598511], "val_loss": [0.6153074502944946, 0.591730535030365, 0.5726271271705627, 0.5530624389648438, 0.5311994552612305, 0.5090940594673157, 0.4878547489643097, 0.4659174382686615, 0.44485196471214294, 0.42526596784591675, 0.40675589442253113, 0.39016515016555786, 0.3758934438228607, 0.3645997643470764, 0.35550299286842346, 0.34964224696159363, 0.33775919675827026, 0.33202606439590454, 0.3301762044429779, 0.3221290409564972, 0.31977999210357666, 0.3143811523914337, 0.31427061557769775, 0.3114009201526642, 0.3101833760738373, 0.3054354190826416, 0.30591318011283875, 0.3100019097328186, 0.3004053831100464, 0.30017340183258057, 0.30155524611473083, 0.2978385090827942, 0.30360785126686096, 0.3006908595561981, 0.29873454570770264, 0.2949686646461487, 0.29930973052978516, 0.29695895314216614, 0.2998301684856415, 0.29277652502059937, 0.291879266500473, 0.29660919308662415, 0.30762362480163574, 0.2917425036430359, 0.2874107360839844, 0.2963196337223053, 0.29395291209220886, 0.2970782220363617, 0.29534485936164856, 0.2912428677082062]}