{"accuracy": [0.7725118398666382, 0.8767772316932678, 0.8957346081733704, 0.8672986030578613, 0.8815165758132935, 0.8981042504310608, 0.8933649063110352], "loss": [0.4657754898071289, 0.2853035628795624, 0.25322118401527405, 0.26971060037612915, 0.2652217745780945, 0.24453993141651154, 0.22281703352928162], "val_accuracy": [0.8021978139877319, 0.8901098966598511, 0.8791208863258362, 0.8791208863258362, 0.901098906993866, 0.9120879173278809, 0.9120879173278809], "val_loss": [0.3899753987789154, 0.2646426856517792, 0.2982510030269623, 0.3104343116283417, 0.27307552099227905, 0.26573246717453003, 0.2685665190219879]}