{"accuracy": [0.649289071559906, 0.8649289011955261, 0.8933649063110352, 0.8933649063110352, 0.9028435945510864, 0.9099525809288025, 0.8886256217956543, 0.9099525809288025, 0.9146919250488281, 0.9052132964134216], "loss": [0.559579074382782, 0.3516518771648407, 0.2705976068973541, 0.25761666893959045, 0.2424016147851944, 0.22786515951156616, 0.24551284313201904, 0.2139853537082672, 0.20961228013038635, 0.207164004445076], "val_accuracy": [0.8461538553237915, 0.8791208863258362, 0.8571428656578064, 0.8681318759918213, 0.9120879173278809, 0.8791208863258362, 0.8681318759918213, 0.8571428656578064, 0.8901098966598511, 0.8901098966598511], "val_loss": [0.43521150946617126, 0.3255133032798767, 0.33547359704971313, 0.3151763379573822, 0.2770596146583557, 0.3007451295852661, 0.32833364605903625, 0.3035518229007721, 0.2804747521877289, 0.2837546765804291]}