{"accuracy": [0.6635071039199829, 0.6658768057823181, 0.7796208262443542, 0.8530805706977844, 0.8578199148178101, 0.8672986030578613, 0.8815165758132935, 0.8720378875732422, 0.8957346081733704, 0.8838862776756287, 0.8957346081733704, 0.8957346081733704, 0.8933649063110352, 0.9028435945510864, 0.8886256217956543, 0.9052132964134216, 0.9075829386711121, 0.900473952293396, 0.900473952293396, 0.9099525809288025, 0.9123222827911377, 0.9123222827911377, 0.9075829386711121], "loss": [0.633048415184021, 0.5500562191009521, 0.4756837785243988, 0.41127070784568787, 0.3618905544281006, 0.3311862051486969, 0.3067176043987274, 0.296682208776474, 0.2826118469238281, 0.2710947096347809, 0.2576764225959778, 0.25432902574539185, 0.24774561822414398, 0.24375079572200775, 0.23811934888362885, 0.23689378798007965, 0.23505137860774994, 0.23581548035144806, 0.22697849571704865, 0.22222541272640228, 0.21708618104457855, 0.2182624638080597, 0.21743088960647583], "val_accuracy": [0.6483516693115234, 0.7032967209815979, 0.8021978139877319, 0.8351648449897766, 0.8241758346557617, 0.8351648449897766, 0.8571428656578064, 0.8681318759918213, 0.8571428656578064, 0.8571428656578064, 0.8571428656578064, 0.8681318759918213, 0.8791208863258362, 0.8681318759918213, 0.8791208863258362, 0.8791208863258362, 0.8791208863258362, 0.901098906993866, 0.8791208863258362, 0.8901098966598511, 0.8901098966598511, 0.8791208863258362, 0.8791208863258362], "val_loss": [0.5899267792701721, 0.5303981304168701, 0.46381470561027527, 0.406990647315979, 0.37277498841285706, 0.3546375632286072, 0.34059807658195496, 0.32495084404945374, 0.32244423031806946, 0.3156331777572632, 0.32035669684410095, 0.29737386107444763, 0.3074611723423004, 0.29337605834007263, 0.29026487469673157, 0.28672999143600464, 0.3027857840061188, 0.28184640407562256, 0.30156978964805603, 0.28234124183654785, 0.2830166220664978, 0.2872556746006012, 0.2862618863582611]}