{"accuracy": [0.6018957495689392, 0.6611374616622925, 0.6611374616622925, 0.6658768057823181, 0.7488151788711548, 0.7914692163467407, 0.8317535519599915, 0.8412322402000427, 0.8672986030578613, 0.8696682453155518, 0.8625592589378357, 0.8815165758132935, 0.8815165758132935, 0.8862559199333191, 0.8886256217956543, 0.8957346081733704, 0.8957346081733704, 0.8957346081733704, 0.8933649063110352, 0.8909952640533447, 0.900473952293396, 0.9075829386711121, 0.9052132964134216, 0.9075829386711121, 0.8981042504310608, 0.8981042504310608, 0.900473952293396, 0.9099525809288025, 0.9123222827911377, 0.9170616269111633, 0.9170616269111633, 0.9052132964134216, 0.9052132964134216, 0.9099525809288025, 0.8981042504310608, 0.921800971031189, 0.9194312691688538, 0.9028435945510864, 0.9146919250488281, 0.9052132964134216], "loss": [0.6771820783615112, 0.6038161516189575, 0.5716288089752197, 0.537990927696228, 0.4992733597755432, 0.45606112480163574, 0.4218877851963043, 0.38596075773239136, 0.36350661516189575, 0.3408203721046448, 0.32314008474349976, 0.30444878339767456, 0.2911369800567627, 0.28550052642822266, 0.27365541458129883, 0.2717786729335785, 0.26166829466819763, 0.2583383023738861, 0.25593283772468567, 0.2580728530883789, 0.24258290231227875, 0.24038279056549072, 0.24202510714530945, 0.23576976358890533, 0.2358192354440689, 0.22847218811511993, 0.2301139086484909, 0.2247268706560135, 0.2286079227924347, 0.21894672513008118, 0.2186255306005478, 0.22440466284751892, 0.21570071578025818, 0.21575774252414703, 0.22461220622062683, 0.20770469307899475, 0.21160763502120972, 0.21144652366638184, 0.20420683920383453, 0.2141573578119278], "val_accuracy": [0.6483516693115234, 0.6483516693115234, 0.6483516693115234, 0.6813187003135681, 0.8131868243217468, 0.8351648449897766, 0.8241758346557617, 0.8241758346557617, 0.8351648449897766, 0.8351648449897766, 0.8461538553237915, 0.8461538553237915, 0.8571428656578064, 0.8571428656578064, 0.8571428656578064, 0.8571428656578064, 0.8571428656578064, 0.8791208863258362, 0.8681318759918213, 0.8791208863258362, 0.8791208863258362, 0.8791208863258362, 0.8791208863258362, 0.8791208863258362, 0.8681318759918213, 0.8681318759918213, 0.8791208863258362, 0.8791208863258362, 0.8681318759918213, 0.8791208863258362, 0.8791208863258362, 0.8791208863258362, 0.8791208863258362, 0.8791208863258362, 0.8901098966598511, 0.8791208863258362, 0.8901098966598511, 0.901098906993866, 0.8791208863258362, 0.901098906993866], "val_loss": [0.6390717625617981, 0.6061033010482788, 0.5785568356513977, 0.5383448600769043, 0.4954301714897156, 0.45974278450012207, 0.42812490463256836, 0.4016062021255493, 0.3832720220088959, 0.3643084466457367, 0.3502383828163147, 0.3371390700340271, 0.3271084725856781, 0.3235412538051605, 0.31933844089508057, 0.3147866129875183, 0.31447407603263855, 0.30471083521842957, 0.30503857135772705, 0.30191537737846375, 0.29750844836235046, 0.29634958505630493, 0.2942237854003906, 0.29576462507247925, 0.28990882635116577, 0.2890584468841553, 0.28370437026023865, 0.29484859108924866, 0.2854081690311432, 0.28322434425354004, 0.2841877043247223, 0.28426072001457214, 0.2777406573295593, 0.2871265709400177, 0.27561429142951965, 0.2971092164516449, 0.2859936058521271, 0.2793113589286804, 0.29182809591293335, 0.2766830623149872]}