{"accuracy": [0.6303317546844482, 0.6611374616622925, 0.670616090297699, 0.8033175468444824, 0.8601895570755005, 0.8601895570755005, 0.8601895570755005, 0.8625592589378357, 0.8649289011955261, 0.8981042504310608, 0.8909952640533447, 0.8933649063110352, 0.8909952640533447, 0.8933649063110352, 0.8981042504310608, 0.9028435945510864, 0.9052132964134216, 0.9028435945510864, 0.9075829386711121, 0.9075829386711121], "loss": [0.642353892326355, 0.5643211603164673, 0.5130704641342163, 0.4561668038368225, 0.3974689543247223, 0.35028740763664246, 0.3209645748138428, 0.3009335696697235, 0.282702773809433, 0.27059510350227356, 0.2610459625720978, 0.25388461351394653, 0.253228098154068, 0.2410535365343094, 0.2417122721672058, 0.22566081583499908, 0.23140175640583038, 0.2267959713935852, 0.22394393384456635, 0.2224951684474945], "val_accuracy": [0.6483516693115234, 0.6483516693115234, 0.7252747416496277, 0.8131868243217468, 0.8351648449897766, 0.8461538553237915, 0.8681318759918213, 0.8681318759918213, 0.8571428656578064, 0.8791208863258362, 0.8791208863258362, 0.8901098966598511, 0.8901098966598511, 0.8791208863258362, 0.9120879173278809, 0.8791208863258362, 0.8791208863258362, 0.8901098966598511, 0.8791208863258362, 0.8901098966598511], "val_loss": [0.6001442074775696, 0.5560061931610107, 0.5013628602027893, 0.4438598155975342, 0.3881690204143524, 0.35844898223876953, 0.32835841178894043, 0.3105630874633789, 0.31257739663124084, 0.29030635952949524, 0.2947119474411011, 0.2775943875312805, 0.2806212902069092, 0.29350942373275757, 0.27102547883987427, 0.2891007661819458, 0.2810838520526886, 0.27860546112060547, 0.2966099977493286, 0.2783397138118744]}