{"accuracy": [0.6161137223243713, 0.6824644804000854, 0.8696682453155518, 0.8601895570755005, 0.8815165758132935, 0.8909952640533447, 0.8886256217956543, 0.9099525809288025, 0.8981042504310608, 0.9028435945510864, 0.900473952293396, 0.8981042504310608, 0.9052132964134216, 0.8981042504310608, 0.9146919250488281, 0.9170616269111633, 0.9028435945510864, 0.9194312691688538, 0.9170616269111633, 0.9241706132888794, 0.9123222827911377, 0.921800971031189, 0.9336493015289307, 0.9241706132888794, 0.9265402555465698, 0.9312795996665955, 0.9360189437866211, 0.9383886456489563, 0.9383886456489563], "loss": [0.6082062125205994, 0.49463406205177307, 0.4017559289932251, 0.32956662774086, 0.2770858407020569, 0.2583235502243042, 0.2435096651315689, 0.23013630509376526, 0.24184700846672058, 0.23933681845664978, 0.2278575301170349, 0.21294210851192474, 0.2076016068458557, 0.20895378291606903, 0.20060984790325165, 0.1912347823381424, 0.19515547156333923, 0.18808890879154205, 0.19272734224796295, 0.18513236939907074, 0.1873141974210739, 0.18293145298957825, 0.16677813231945038, 0.16871438920497894, 0.16442617774009705, 0.16905374825000763, 0.14924012124538422, 0.14938706159591675, 0.1567331850528717], "val_accuracy": [0.6483516693115234, 0.8461538553237915, 0.8241758346557617, 0.8461538553237915, 0.8571428656578064, 0.901098906993866, 0.8681318759918213, 0.8901098966598511, 0.8791208863258362, 0.8791208863258362, 0.9120879173278809, 0.8681318759918213, 0.901098906993866, 0.901098906993866, 0.8681318759918213, 0.901098906993866, 0.901098906993866, 0.8681318759918213, 0.901098906993866, 0.9230769276618958, 0.8791208863258362, 0.9120879173278809, 0.901098906993866, 0.901098906993866, 0.8901098966598511, 0.901098906993866, 0.901098906993866, 0.8901098966598511, 0.901098906993866], "val_loss": [0.5650513172149658, 0.4434419274330139, 0.3671760559082031, 0.33084550499916077, 0.3258183002471924, 0.3004942834377289, 0.31716519594192505, 0.29036858677864075, 0.3093855679035187, 0.30684003233909607, 0.28560614585876465, 0.34241801500320435, 0.2912576496601105, 0.2888782322406769, 0.3352329432964325, 0.28155776858329773, 0.2789710462093353, 0.32062190771102905, 0.2751115560531616, 0.27836596965789795, 0.2987620532512665, 0.2865523397922516, 0.2750019431114197, 0.2731703519821167, 0.31083425879478455, 0.31159815192222595, 0.3119702637195587, 0.3518850803375244, 0.3109416365623474]}