{"accuracy": [0.5805687308311462, 0.6611374616622925, 0.7511848211288452, 0.8649289011955261, 0.8625592589378357, 0.8744075894355774, 0.8909952640533447, 0.9028435945510864, 0.8933649063110352, 0.9028435945510864, 0.9028435945510864, 0.9075829386711121, 0.9170616269111633, 0.9146919250488281, 0.9170616269111633, 0.8981042504310608, 0.9194312691688538, 0.9241706132888794, 0.9123222827911377, 0.9170616269111633], "loss": [0.6581866145133972, 0.5481287240982056, 0.4600010812282562, 0.3893994987010956, 0.333996444940567, 0.30001088976860046, 0.2684125304222107, 0.2525569796562195, 0.24513714015483856, 0.2412959784269333, 0.21903154253959656, 0.23402626812458038, 0.21286629140377045, 0.21357031166553497, 0.21337436139583588, 0.20559990406036377, 0.1905086189508438, 0.18998418748378754, 0.19411827623844147, 0.19161978363990784], "val_accuracy": [0.6483516693115234, 0.7142857313156128, 0.8571428656578064, 0.8131868243217468, 0.8241758346557617, 0.8461538553237915, 0.8681318759918213, 0.8791208863258362, 0.8791208863258362, 0.8901098966598511, 0.8681318759918213, 0.8791208863258362, 0.9120879173278809, 0.901098906993866, 0.9120879173278809, 0.8901098966598511, 0.8681318759918213, 0.901098906993866, 0.901098906993866, 0.9120879173278809], "val_loss": [0.5907357335090637, 0.5013737678527832, 0.4270995557308197, 0.3773973882198334, 0.3510313332080841, 0.3174423277378082, 0.30564743280410767, 0.3073345124721527, 0.3038513958454132, 0.2715160548686981, 0.32018953561782837, 0.27730047702789307, 0.26237767934799194, 0.2612619400024414, 0.25465601682662964, 0.2659984529018402, 0.2941656708717346, 0.26238924264907837, 0.28270772099494934, 0.27588269114494324]}