{"accuracy": [0.6279621124267578, 0.7488151788711548, 0.8625592589378357, 0.8744075894355774, 0.8909952640533447, 0.8933649063110352, 0.9028435945510864, 0.9075829386711121, 0.9123222827911377, 0.9028435945510864, 0.900473952293396, 0.9099525809288025, 0.9170616269111633, 0.921800971031189, 0.9028435945510864, 0.9265402555465698, 0.9407582879066467, 0.928909957408905, 0.9431279897689819], "loss": [0.6003624796867371, 0.449788898229599, 0.34379661083221436, 0.28286635875701904, 0.24956905841827393, 0.23888592422008514, 0.23047398030757904, 0.22450706362724304, 0.20530889928340912, 0.21403716504573822, 0.21342456340789795, 0.20583726465702057, 0.20593592524528503, 0.20361223816871643, 0.18435296416282654, 0.18065764009952545, 0.15862347185611725, 0.16128972172737122, 0.1562182903289795], "val_accuracy": [0.6483516693115234, 0.8351648449897766, 0.8461538553237915, 0.8571428656578064, 0.8681318759918213, 0.8791208863258362, 0.8791208863258362, 0.8791208863258362, 0.9120879173278809, 0.8571428656578064, 0.901098906993866, 0.8791208863258362, 0.8681318759918213, 0.8901098966598511, 0.8791208863258362, 0.901098906993866, 0.901098906993866, 0.8901098966598511, 0.901098906993866], "val_loss": [0.5205352902412415, 0.401156485080719, 0.3354487717151642, 0.3135225176811218, 0.3246815502643585, 0.2963325083255768, 0.28045305609703064, 0.28915905952453613, 0.266003280878067, 0.33741116523742676, 0.27514198422431946, 0.2799959182739258, 0.30798351764678955, 0.26038041710853577, 0.28984424471855164, 0.277953565120697, 0.2947302460670471, 0.30623140931129456, 0.2904069423675537]}