{"accuracy": [0.7535545229911804, 0.8720378875732422, 0.8933649063110352, 0.8981042504310608, 0.9075829386711121, 0.9099525809288025, 0.9028435945510864, 0.9123222827911377, 0.9099525809288025], "loss": [0.46113020181655884, 0.2919354736804962, 0.25514867901802063, 0.23648525774478912, 0.21540383994579315, 0.19530649483203888, 0.2102668434381485, 0.18731924891471863, 0.17723743617534637], "val_accuracy": [0.8351648449897766, 0.8461538553237915, 0.8901098966598511, 0.9120879173278809, 0.901098906993866, 0.901098906993866, 0.901098906993866, 0.8791208863258362, 0.8901098966598511], "val_loss": [0.3240240216255188, 0.33109724521636963, 0.28743335604667664, 0.27984729409217834, 0.3049621880054474, 0.2859209477901459, 0.29330551624298096, 0.31143760681152344, 0.32061946392059326]}