{"accuracy": [0.5023696422576904, 0.6872037649154663, 0.6587677597999573, 0.6611374616622925, 0.6611374616622925, 0.6611374616622925, 0.6611374616622925, 0.6611374616622925, 0.6611374616622925, 0.6682464480400085, 0.6848341226577759, 0.7298578023910522, 0.7748815417289734, 0.8080568909645081, 0.8175355195999146, 0.8364928960800171, 0.8436018824577332, 0.8317535519599915, 0.8483412265777588, 0.8530805706977844, 0.8720378875732422, 0.8933649063110352, 0.879146933555603, 0.8886256217956543, 0.8767772316932678, 0.8909952640533447, 0.8909952640533447, 0.8862559199333191, 0.8838862776756287, 0.8886256217956543, 0.8957346081733704, 0.8862559199333191, 0.8862559199333191, 0.8909952640533447, 0.8886256217956543, 0.8933649063110352, 0.8886256217956543, 0.900473952293396, 0.9028435945510864, 0.9028435945510864, 0.8909952640533447, 0.9052132964134216, 0.8981042504310608, 0.900473952293396, 0.8981042504310608, 0.9028435945510864, 0.9075829386711121, 0.9123222827911377, 0.9028435945510864, 0.8981042504310608], "loss": [0.6942958831787109, 0.6578117609024048, 0.635096549987793, 0.6114457249641418, 0.5959673523902893, 0.5843574404716492, 0.5733610987663269, 0.5625502467155457, 0.5483914017677307, 0.5359061360359192, 0.5190186500549316, 0.5038134455680847, 0.48896828293800354, 0.47530412673950195, 0.45524275302886963, 0.44134077429771423, 0.4264537990093231, 0.4104839563369751, 0.3973885476589203, 0.38204699754714966, 0.36845260858535767, 0.35555845499038696, 0.3494512438774109, 0.3389888107776642, 0.3292675316333771, 0.3225384056568146, 0.3170897960662842, 0.3032030463218689, 0.30054140090942383, 0.29351305961608887, 0.28529757261276245, 0.2867666184902191, 0.27925905585289, 0.277024507522583, 0.28013962507247925, 0.2669815421104431, 0.26777520775794983, 0.25407737493515015, 0.25848785042762756, 0.2524997889995575, 0.252236545085907, 0.24559946358203888, 0.24375119805335999, 0.24297025799751282, 0.24405452609062195, 0.2391541600227356, 0.2367146611213684, 0.23861558735370636, 0.23973074555397034, 0.24218706786632538], "val_accuracy": [0.7142857313156128, 0.6483516693115234, 0.6483516693115234, 0.6483516693115234, 0.6483516693115234, 0.6483516693115234, 0.6483516693115234, 0.6483516693115234, 0.6483516693115234, 0.6703296899795532, 0.7142857313156128, 0.7802197933197021, 0.8131868243217468, 0.8461538553237915, 0.8461538553237915, 0.8461538553237915, 0.8461538553237915, 0.8461538553237915, 0.8571428656578064, 0.8351648449897766, 0.8351648449897766, 0.8461538553237915, 0.8571428656578064, 0.8571428656578064, 0.8461538553237915, 0.8351648449897766, 0.8461538553237915, 0.8571428656578064, 0.8681318759918213, 0.8791208863258362, 0.8791208863258362, 0.8681318759918213, 0.8571428656578064, 0.8571428656578064, 0.8681318759918213, 0.8791208863258362, 0.8791208863258362, 0.8791208863258362, 0.8681318759918213, 0.8791208863258362, 0.8791208863258362, 0.8791208863258362, 0.8791208863258362, 0.8791208863258362, 0.8791208863258362, 0.8791208863258362, 0.8681318759918213, 0.8791208863258362, 0.8791208863258362, 0.8791208863258362], "val_loss": [0.6736937165260315, 0.6490636467933655, 0.6290425062179565, 0.613411009311676, 0.6014480590820312, 0.59117591381073, 0.5812138319015503, 0.5682694911956787, 0.5533530116081238, 0.5380716919898987, 0.5225548148155212, 0.5070301294326782, 0.4910123646259308, 0.47540533542633057, 0.4600711762905121, 0.4447665810585022, 0.43032458424568176, 0.417071670293808, 0.4047596752643585, 0.3930683732032776, 0.3832627534866333, 0.37519240379333496, 0.3659319579601288, 0.3575010895729065, 0.349729984998703, 0.34239277243614197, 0.33728116750717163, 0.33359700441360474, 0.3308979570865631, 0.32851630449295044, 0.3233707547187805, 0.3195545971393585, 0.31547603011131287, 0.31260401010513306, 0.31237882375717163, 0.31238681077957153, 0.31046584248542786, 0.3085680902004242, 0.30575549602508545, 0.30479857325553894, 0.3054893910884857, 0.3050607442855835, 0.30567362904548645, 0.3033762574195862, 0.30308347940444946, 0.30139532685279846, 0.29674044251441956, 0.2978198826313019, 0.30104732513427734, 0.2978549897670746]}