{"accuracy": [0.5663506984710693, 0.6611374616622925, 0.6611374616622925, 0.6872037649154663, 0.7962085604667664, 0.8033175468444824, 0.8364928960800171, 0.8601895570755005, 0.8720378875732422, 0.8625592589378357, 0.879146933555603, 0.8696682453155518, 0.8909952640533447, 0.879146933555603, 0.8909952640533447, 0.8981042504310608, 0.8933649063110352, 0.8838862776756287, 0.8933649063110352, 0.9123222827911377, 0.9075829386711121, 0.9099525809288025, 0.9075829386711121, 0.8957346081733704, 0.9052132964134216, 0.9170616269111633, 0.9075829386711121, 0.9052132964134216, 0.8981042504310608, 0.9099525809288025, 0.9099525809288025, 0.9170616269111633, 0.9099525809288025, 0.9170616269111633], "loss": [0.67823725938797, 0.6048282980918884, 0.5551791787147522, 0.5218809843063354, 0.4788109362125397, 0.44708457589149475, 0.4080126881599426, 0.37769389152526855, 0.3494042158126831, 0.33934158086776733, 0.3150440454483032, 0.30224326252937317, 0.28773924708366394, 0.2857649326324463, 0.2694398760795593, 0.2619567811489105, 0.25243905186653137, 0.254098117351532, 0.24843095242977142, 0.2438119351863861, 0.23938564956188202, 0.23253409564495087, 0.2365124374628067, 0.23119784891605377, 0.23101043701171875, 0.22418823838233948, 0.22550548613071442, 0.22528687119483948, 0.23121903836727142, 0.21330489218235016, 0.21428853273391724, 0.21555541455745697, 0.21858647465705872, 0.21235089004039764], "val_accuracy": [0.6483516693115234, 0.6483516693115234, 0.6593406796455383, 0.7692307829856873, 0.8351648449897766, 0.8241758346557617, 0.8351648449897766, 0.8351648449897766, 0.8461538553237915, 0.8241758346557617, 0.8571428656578064, 0.8571428656578064, 0.8571428656578064, 0.8681318759918213, 0.8791208863258362, 0.8681318759918213, 0.8791208863258362, 0.8791208863258362, 0.8791208863258362, 0.8791208863258362, 0.8791208863258362, 0.8791208863258362, 0.8791208863258362, 0.8791208863258362, 0.8791208863258362, 0.8791208863258362, 0.8791208863258362, 0.901098906993866, 0.9120879173278809, 0.8791208863258362, 0.9120879173278809, 0.8901098966598511, 0.901098906993866, 0.8901098966598511], "val_loss": [0.6360793113708496, 0.5885652899742126, 0.5505466461181641, 0.5127145648002625, 0.4752783179283142, 0.44059258699417114, 0.410913348197937, 0.38639044761657715, 0.36819693446159363, 0.3535209596157074, 0.3393344581127167, 0.32975396513938904, 0.3257458508014679, 0.313264399766922, 0.3142502009868622, 0.29871493577957153, 0.3011553883552551, 0.2990890145301819, 0.2939855754375458, 0.2958719730377197, 0.28514230251312256, 0.29170894622802734, 0.28929975628852844, 0.28478914499282837, 0.286525696516037, 0.28383830189704895, 0.2830158770084381, 0.2795667350292206, 0.27166274189949036, 0.2872762978076935, 0.27250829339027405, 0.28002017736434937, 0.27371275424957275, 0.27301910519599915]}