{"accuracy": [0.6587677597999573, 0.6611374616622925, 0.6611374616622925, 0.6611374616622925, 0.6635071039199829, 0.6895734667778015, 0.7440758347511292, 0.7867298722267151, 0.8127962350845337, 0.8436018824577332, 0.8530805706977844, 0.8720378875732422, 0.879146933555603, 0.8862559199333191, 0.8838862776756287, 0.900473952293396, 0.8957346081733704, 0.8886256217956543, 0.900473952293396, 0.8909952640533447, 0.8981042504310608, 0.8981042504310608, 0.8981042504310608, 0.900473952293396, 0.9052132964134216, 0.9075829386711121, 0.9075829386711121, 0.9028435945510864, 0.9052132964134216, 0.9123222827911377, 0.9052132964134216, 0.9123222827911377, 0.9075829386711121, 0.900473952293396, 0.9075829386711121, 0.9123222827911377, 0.9123222827911377, 0.900473952293396, 0.9099525809288025, 0.9052132964134216, 0.9028435945510864, 0.9123222827911377], "loss": [0.6486619710922241, 0.6116040945053101, 0.5834211111068726, 0.5578035116195679, 0.5357785224914551, 0.5125429034233093, 0.4856313467025757, 0.4576146900653839, 0.43578216433525085, 0.40977832674980164, 0.3887728750705719, 0.3675854504108429, 0.3498895764350891, 0.33333373069763184, 0.31759709119796753, 0.31020423769950867, 0.2969900071620941, 0.2908158004283905, 0.2804388403892517, 0.27300703525543213, 0.2617688775062561, 0.2662714123725891, 0.2636868953704834, 0.2552502751350403, 0.2563007175922394, 0.24638275802135468, 0.24720382690429688, 0.251193106174469, 0.24287168681621552, 0.23952312767505646, 0.23373033106327057, 0.23759771883487701, 0.23115083575248718, 0.23605550825595856, 0.23331549763679504, 0.22565148770809174, 0.2295713573694229, 0.22181415557861328, 0.21937941014766693, 0.2231372594833374, 0.22784975171089172, 0.22182343900203705], "val_accuracy": [0.6483516693115234, 0.6483516693115234, 0.6483516693115234, 0.6483516693115234, 0.6703296899795532, 0.7142857313156128, 0.7802197933197021, 0.8351648449897766, 0.8351648449897766, 0.8351648449897766, 0.8461538553237915, 0.8351648449897766, 0.8351648449897766, 0.8681318759918213, 0.8571428656578064, 0.8901098966598511, 0.8791208863258362, 0.8901098966598511, 0.8901098966598511, 0.8901098966598511, 0.8901098966598511, 0.8901098966598511, 0.8901098966598511, 0.8901098966598511, 0.8901098966598511, 0.8901098966598511, 0.8901098966598511, 0.8901098966598511, 0.8901098966598511, 0.8901098966598511, 0.8901098966598511, 0.8901098966598511, 0.8901098966598511, 0.8791208863258362, 0.8901098966598511, 0.8901098966598511, 0.901098906993866, 0.8901098966598511, 0.8901098966598511, 0.8901098966598511, 0.901098906993866, 0.8901098966598511], "val_loss": [0.632053792476654, 0.6041284203529358, 0.5805981159210205, 0.5570826530456543, 0.5332193374633789, 0.5093021392822266, 0.48528918623924255, 0.46126535534858704, 0.4381452202796936, 0.41727280616760254, 0.3978026211261749, 0.3802642524242401, 0.36457791924476624, 0.35251495242118835, 0.3408961594104767, 0.3341531753540039, 0.32924869656562805, 0.3204541802406311, 0.31437814235687256, 0.3088497817516327, 0.3092981278896332, 0.30725476145744324, 0.3040659427642822, 0.2962091863155365, 0.2950547933578491, 0.29704540967941284, 0.2965007722377777, 0.28626641631126404, 0.2973701059818268, 0.2932233214378357, 0.28506049513816833, 0.28650978207588196, 0.28652551770210266, 0.2978973090648651, 0.28610357642173767, 0.2836310863494873, 0.2803366184234619, 0.29372385144233704, 0.2904098331928253, 0.2832685112953186, 0.2815651297569275, 0.2867509126663208]}