{"accuracy": [0.6445497870445251, 0.6611374616622925, 0.6611374616622925, 0.6611374616622925, 0.6611374616622925, 0.6635071039199829, 0.6611374616622925, 0.6611374616622925, 0.6682464480400085, 0.6943128108978271, 0.7109004855155945, 0.7464454770088196, 0.7843601703643799, 0.7962085604667664, 0.8270142078399658, 0.8270142078399658, 0.8601895570755005, 0.8696682453155518, 0.8696682453155518, 0.8838862776756287, 0.8720378875732422, 0.8744075894355774, 0.8720378875732422, 0.8886256217956543, 0.8862559199333191, 0.8838862776756287, 0.8862559199333191, 0.8815165758132935, 0.8909952640533447, 0.8909952640533447, 0.8862559199333191, 0.8957346081733704, 0.8933649063110352, 0.8909952640533447, 0.8886256217956543, 0.900473952293396, 0.8957346081733704, 0.8909952640533447, 0.8933649063110352, 0.900473952293396, 0.8957346081733704, 0.9028435945510864, 0.8957346081733704, 0.9028435945510864, 0.9052132964134216, 0.900473952293396, 0.900473952293396, 0.8981042504310608, 0.8981042504310608, 0.9123222827911377], "loss": [0.6647570133209229, 0.6373651027679443, 0.6148486137390137, 0.5971218347549438, 0.5796718001365662, 0.5691384077072144, 0.5550631284713745, 0.5394895076751709, 0.5246729850769043, 0.5067947506904602, 0.4977552592754364, 0.4816480576992035, 0.4641801416873932, 0.448996365070343, 0.43538087606430054, 0.41939494013786316, 0.40608468651771545, 0.3940843939781189, 0.38285043835639954, 0.3673383295536041, 0.36144328117370605, 0.3477060794830322, 0.34139013290405273, 0.3315177261829376, 0.32472625374794006, 0.3196861743927002, 0.3146505355834961, 0.3043314814567566, 0.30426618456840515, 0.2980038523674011, 0.29045599699020386, 0.2844538986682892, 0.27731817960739136, 0.27703648805618286, 0.2753693759441376, 0.2743004560470581, 0.26625990867614746, 0.2660561203956604, 0.2622247040271759, 0.25792866945266724, 0.2555159032344818, 0.251249760389328, 0.25179100036621094, 0.2535625398159027, 0.25053805112838745, 0.2477705478668213, 0.24591132998466492, 0.24320659041404724, 0.2383352518081665, 0.23389612138271332], "val_accuracy": [0.6483516693115234, 0.6483516693115234, 0.6483516693115234, 0.6483516693115234, 0.6483516693115234, 0.6483516693115234, 0.6483516693115234, 0.6483516693115234, 0.6813187003135681, 0.7032967209815979, 0.7472527623176575, 0.7802197933197021, 0.8241758346557617, 0.8351648449897766, 0.8461538553237915, 0.8571428656578064, 0.8461538553237915, 0.8461538553237915, 0.8461538553237915, 0.8351648449897766, 0.8351648449897766, 0.8351648449897766, 0.8571428656578064, 0.8681318759918213, 0.8571428656578064, 0.8681318759918213, 0.8571428656578064, 0.8571428656578064, 0.8571428656578064, 0.8571428656578064, 0.8791208863258362, 0.8791208863258362, 0.8791208863258362, 0.8791208863258362, 0.8791208863258362, 0.8791208863258362, 0.8791208863258362, 0.8901098966598511, 0.8791208863258362, 0.8901098966598511, 0.8791208863258362, 0.8791208863258362, 0.8791208863258362, 0.8901098966598511, 0.8681318759918213, 0.8791208863258362, 0.8901098966598511, 0.8901098966598511, 0.8901098966598511, 0.8901098966598511], "val_loss": [0.6434979438781738, 0.6225053071975708, 0.6068665385246277, 0.593849778175354, 0.5811551213264465, 0.5687751173973083, 0.5565338730812073, 0.5434747338294983, 0.5289517045021057, 0.5149455070495605, 0.5008540153503418, 0.4868207275867462, 0.47275081276893616, 0.459249347448349, 0.44584667682647705, 0.4334149658679962, 0.42197585105895996, 0.4117424488067627, 0.4018411636352539, 0.390298455953598, 0.3796830177307129, 0.37104207277297974, 0.36486586928367615, 0.36194437742233276, 0.36128637194633484, 0.3530346751213074, 0.34344565868377686, 0.3379306495189667, 0.3333158493041992, 0.32971128821372986, 0.3274722993373871, 0.32568857073783875, 0.3222639560699463, 0.32020774483680725, 0.3144644498825073, 0.3132956027984619, 0.31189626455307007, 0.31088465452194214, 0.309987872838974, 0.30680036544799805, 0.30282750725746155, 0.3000437021255493, 0.30085134506225586, 0.30265966057777405, 0.30412232875823975, 0.2986026108264923, 0.2998410165309906, 0.2991498112678528, 0.2978695333003998, 0.2962505519390106]}