{"accuracy": [0.5924170613288879, 0.6966824531555176, 0.8530805706977844, 0.8696682453155518, 0.879146933555603, 0.8838862776756287, 0.8767772316932678, 0.8981042504310608, 0.9052132964134216, 0.8933649063110352, 0.8933649063110352, 0.9028435945510864, 0.9052132964134216, 0.9099525809288025, 0.9052132964134216, 0.9099525809288025], "loss": [0.6261034607887268, 0.5127650499343872, 0.42131277918815613, 0.337357759475708, 0.2929195463657379, 0.2668581008911133, 0.26531100273132324, 0.2473970502614975, 0.23959392309188843, 0.23898309469223022, 0.22235508263111115, 0.22436249256134033, 0.21084044873714447, 0.19628553092479706, 0.19614703953266144, 0.19972918927669525], "val_accuracy": [0.6483516693115234, 0.8571428656578064, 0.8351648449897766, 0.8351648449897766, 0.8571428656578064, 0.8901098966598511, 0.8791208863258362, 0.8681318759918213, 0.901098906993866, 0.8901098966598511, 0.901098906993866, 0.901098906993866, 0.9120879173278809, 0.9120879173278809, 0.901098906993866, 0.9120879173278809], "val_loss": [0.5667636394500732, 0.45839381217956543, 0.38063907623291016, 0.33014625310897827, 0.3242279887199402, 0.30372142791748047, 0.2967947721481323, 0.2956260144710541, 0.27993616461753845, 0.29068055748939514, 0.2618890404701233, 0.2839651107788086, 0.27742791175842285, 0.2751670479774475, 0.27625393867492676, 0.2760375142097473]}