{"accuracy": [0.6350710988044739, 0.6611374616622925, 0.6611374616622925, 0.6611374616622925, 0.6611374616622925, 0.6635071039199829, 0.6824644804000854, 0.7369668483734131, 0.8127962350845337, 0.8459715843200684, 0.8672986030578613, 0.8696682453155518, 0.879146933555603, 0.8744075894355774, 0.8720378875732422, 0.8838862776756287, 0.8815165758132935, 0.8815165758132935, 0.879146933555603, 0.879146933555603, 0.900473952293396, 0.900473952293396, 0.8886256217956543, 0.8981042504310608, 0.8933649063110352, 0.9075829386711121, 0.9052132964134216, 0.9052132964134216, 0.8981042504310608, 0.9052132964134216, 0.9052132964134216, 0.9099525809288025, 0.9075829386711121, 0.9170616269111633, 0.900473952293396, 0.9052132964134216, 0.9099525809288025, 0.9052132964134216, 0.9146919250488281, 0.9099525809288025, 0.9099525809288025, 0.9052132964134216, 0.9075829386711121, 0.9123222827911377, 0.9075829386711121, 0.9099525809288025, 0.9052132964134216, 0.9099525809288025, 0.9146919250488281, 0.9052132964134216], "loss": [0.6671810150146484, 0.6243688464164734, 0.5969511866569519, 0.5731557607650757, 0.5502771735191345, 0.5303479433059692, 0.5065703392028809, 0.47887149453163147, 0.4528491795063019, 0.4280164837837219, 0.40404069423675537, 0.3835298418998718, 0.3637390732765198, 0.3441869616508484, 0.3325411081314087, 0.32161903381347656, 0.30732765793800354, 0.2982940077781677, 0.2875729203224182, 0.2805041968822479, 0.27262431383132935, 0.27233976125717163, 0.2631869316101074, 0.25933778285980225, 0.257503479719162, 0.2500682771205902, 0.24500638246536255, 0.2469976395368576, 0.24863457679748535, 0.23927943408489227, 0.2356434464454651, 0.2373068928718567, 0.23618662357330322, 0.2240982949733734, 0.23242290318012238, 0.22679777443408966, 0.22609083354473114, 0.22254014015197754, 0.21954445540905, 0.21809042990207672, 0.2240973263978958, 0.2155204564332962, 0.21339772641658783, 0.21069377660751343, 0.20902028679847717, 0.21273495256900787, 0.2102736383676529, 0.2113916426897049, 0.2076277732849121, 0.20535413920879364], "val_accuracy": [0.6483516693115234, 0.6483516693115234, 0.6483516693115234, 0.6483516693115234, 0.6483516693115234, 0.6483516693115234, 0.7362637519836426, 0.8021978139877319, 0.8461538553237915, 0.8461538553237915, 0.8571428656578064, 0.8681318759918213, 0.8681318759918213, 0.8571428656578064, 0.8571428656578064, 0.8681318759918213, 0.8791208863258362, 0.8791208863258362, 0.8901098966598511, 0.8901098966598511, 0.901098906993866, 0.8791208863258362, 0.901098906993866, 0.901098906993866, 0.8901098966598511, 0.8901098966598511, 0.8901098966598511, 0.901098906993866, 0.9120879173278809, 0.8901098966598511, 0.8901098966598511, 0.901098906993866, 0.901098906993866, 0.8901098966598511, 0.8901098966598511, 0.901098906993866, 0.901098906993866, 0.8901098966598511, 0.8901098966598511, 0.901098906993866, 0.901098906993866, 0.901098906993866, 0.901098906993866, 0.901098906993866, 0.901098906993866, 0.901098906993866, 0.901098906993866, 0.901098906993866, 0.901098906993866, 0.901098906993866], "val_loss": [0.6447594165802002, 0.6155878305435181, 0.5954726934432983, 0.5765393376350403, 0.5533340573310852, 0.5282393097877502, 0.501827597618103, 0.4758586585521698, 0.45001867413520813, 0.42650142312049866, 0.4056321978569031, 0.38648098707199097, 0.3710644841194153, 0.3580632507801056, 0.34601765871047974, 0.33621206879615784, 0.32589590549468994, 0.31692591309547424, 0.3131203353404999, 0.3079627752304077, 0.3041086196899414, 0.29418855905532837, 0.29357680678367615, 0.29171517491340637, 0.28977030515670776, 0.2903565764427185, 0.28060436248779297, 0.274386465549469, 0.274427205324173, 0.2837556302547455, 0.27766311168670654, 0.271677702665329, 0.2714698314666748, 0.2816079556941986, 0.27797242999076843, 0.2646176815032959, 0.26356157660484314, 0.2720659375190735, 0.2735711336135864, 0.2632249593734741, 0.26521942019462585, 0.26621532440185547, 0.27078238129615784, 0.27015140652656555, 0.25903555750846863, 0.266133189201355, 0.2669369578361511, 0.2657853960990906, 0.2616172134876251, 0.2614753246307373]}