{"accuracy": [0.6232227683067322, 0.6611374616622925, 0.6611374616622925, 0.6611374616622925, 0.6611374616622925, 0.6611374616622925, 0.6611374616622925, 0.6682464480400085, 0.6895734667778015, 0.7227488160133362, 0.758293867111206, 0.8127962350845337, 0.8199052214622498, 0.8388625383377075, 0.8364928960800171, 0.8578199148178101, 0.8744075894355774, 0.8744075894355774, 0.8815165758132935, 0.8909952640533447, 0.8909952640533447, 0.9028435945510864, 0.8909952640533447, 0.8933649063110352, 0.8862559199333191, 0.8909952640533447, 0.900473952293396, 0.8838862776756287, 0.8957346081733704, 0.8957346081733704, 0.900473952293396, 0.8909952640533447, 0.8886256217956543, 0.8909952640533447, 0.900473952293396, 0.8981042504310608, 0.8886256217956543, 0.8981042504310608, 0.8981042504310608, 0.9028435945510864, 0.900473952293396, 0.8981042504310608, 0.9052132964134216, 0.9052132964134216, 0.8957346081733704, 0.9075829386711121], "loss": [0.6613204479217529, 0.6292064785957336, 0.6013727784156799, 0.5859852433204651, 0.5680819153785706, 0.5575650334358215, 0.5391055345535278, 0.524183988571167, 0.5066810846328735, 0.49105337262153625, 0.47676071524620056, 0.4557259976863861, 0.443075031042099, 0.4273144602775574, 0.4132830500602722, 0.3977642059326172, 0.38211196660995483, 0.3679203689098358, 0.35996493697166443, 0.34468287229537964, 0.33777743577957153, 0.3252289295196533, 0.3202347159385681, 0.31088563799858093, 0.3075580298900604, 0.29974648356437683, 0.2908047139644623, 0.29028213024139404, 0.2818310260772705, 0.2786462604999542, 0.2708944082260132, 0.26968327164649963, 0.2653741240501404, 0.2669602930545807, 0.26230454444885254, 0.2606780529022217, 0.26162028312683105, 0.2578708827495575, 0.2542975842952728, 0.24824388325214386, 0.2463955134153366, 0.25304290652275085, 0.246200829744339, 0.24000690877437592, 0.23546116054058075, 0.23968982696533203], "val_accuracy": [0.6483516693115234, 0.6483516693115234, 0.6483516693115234, 0.6483516693115234, 0.6483516693115234, 0.6483516693115234, 0.6483516693115234, 0.6593406796455383, 0.7252747416496277, 0.7802197933197021, 0.8351648449897766, 0.8571428656578064, 0.8351648449897766, 0.8241758346557617, 0.8461538553237915, 0.8571428656578064, 0.8571428656578064, 0.8571428656578064, 0.8571428656578064, 0.8681318759918213, 0.8791208863258362, 0.8791208863258362, 0.8681318759918213, 0.8791208863258362, 0.8791208863258362, 0.8791208863258362, 0.8681318759918213, 0.8791208863258362, 0.8901098966598511, 0.8901098966598511, 0.8901098966598511, 0.8901098966598511, 0.8791208863258362, 0.8901098966598511, 0.8901098966598511, 0.8791208863258362, 0.8791208863258362, 0.8901098966598511, 0.8901098966598511, 0.8901098966598511, 0.8901098966598511, 0.8901098966598511, 0.8791208863258362, 0.8791208863258362, 0.8791208863258362, 0.8791208863258362], "val_loss": [0.6412015557289124, 0.618265688419342, 0.6004273295402527, 0.5859453678131104, 0.5726364254951477, 0.5580083727836609, 0.5421587228775024, 0.5253276228904724, 0.5093425512313843, 0.49316954612731934, 0.4774555563926697, 0.46281343698501587, 0.4481992721557617, 0.433896541595459, 0.4201681613922119, 0.4071929454803467, 0.39484891295433044, 0.38373541831970215, 0.37309643626213074, 0.3635160028934479, 0.3546895384788513, 0.34790992736816406, 0.34188783168792725, 0.33697542548179626, 0.33101120591163635, 0.3256731331348419, 0.3218294084072113, 0.3188192844390869, 0.31875118613243103, 0.3199823200702667, 0.31288421154022217, 0.307992547750473, 0.3038000166416168, 0.30548012256622314, 0.307125449180603, 0.3088541030883789, 0.30882278084754944, 0.30170339345932007, 0.2971309721469879, 0.2934415638446808, 0.29146116971969604, 0.29234686493873596, 0.29496148228645325, 0.2937331199645996, 0.29179418087005615, 0.29426148533821106]}