{"accuracy": [0.6943128108978271, 0.8696682453155518, 0.8933649063110352, 0.9028435945510864, 0.8981042504310608, 0.8862559199333191, 0.9123222827911377, 0.900473952293396, 0.9075829386711121, 0.8933649063110352, 0.9194312691688538], "loss": [0.5245731472969055, 0.32576364278793335, 0.25735464692115784, 0.257014662027359, 0.23356638848781586, 0.23069022595882416, 0.22765225172042847, 0.2157871425151825, 0.19734488427639008, 0.22012440860271454, 0.17970411479473114], "val_accuracy": [0.8241758346557617, 0.8461538553237915, 0.8791208863258362, 0.8901098966598511, 0.8571428656578064, 0.9120879173278809, 0.9120879173278809, 0.901098906993866, 0.8461538553237915, 0.8901098966598511, 0.9120879173278809], "val_loss": [0.4196608364582062, 0.32653486728668213, 0.28798967599868774, 0.2833153307437897, 0.31716978549957275, 0.2639056146144867, 0.28807008266448975, 0.2779746949672699, 0.3710007667541504, 0.2896682918071747, 0.27524638175964355]}