{"accuracy": [0.6611374616622925, 0.6658768057823181, 0.7748815417289734, 0.8530805706977844, 0.8578199148178101, 0.8601895570755005, 0.8767772316932678, 0.8909952640533447, 0.8838862776756287, 0.8886256217956543, 0.8957346081733704, 0.8981042504310608, 0.900473952293396, 0.900473952293396, 0.8981042504310608, 0.900473952293396, 0.9052132964134216, 0.9052132964134216, 0.9028435945510864, 0.9028435945510864, 0.9075829386711121, 0.9099525809288025, 0.9075829386711121, 0.9075829386711121, 0.9028435945510864], "loss": [0.6127874851226807, 0.5370136499404907, 0.4655466079711914, 0.40218204259872437, 0.3602462708950043, 0.32849958539009094, 0.3026888966560364, 0.280663400888443, 0.2739361524581909, 0.2600906193256378, 0.26132437586784363, 0.2525479793548584, 0.2424493283033371, 0.24093569815158844, 0.23319153487682343, 0.2368515282869339, 0.23843343555927277, 0.2245771884918213, 0.2199869453907013, 0.22308331727981567, 0.21709798276424408, 0.21267712116241455, 0.20426252484321594, 0.21249890327453613, 0.21548469364643097], "val_accuracy": [0.6483516693115234, 0.7142857313156128, 0.8571428656578064, 0.8681318759918213, 0.8571428656578064, 0.8571428656578064, 0.8571428656578064, 0.8791208863258362, 0.8571428656578064, 0.8901098966598511, 0.8791208863258362, 0.8791208863258362, 0.8791208863258362, 0.901098906993866, 0.8791208863258362, 0.8791208863258362, 0.8791208863258362, 0.901098906993866, 0.8791208863258362, 0.901098906993866, 0.8901098966598511, 0.901098906993866, 0.8901098966598511, 0.901098906993866, 0.901098906993866], "val_loss": [0.5800961256027222, 0.513178288936615, 0.44951456785202026, 0.39575156569480896, 0.367728054523468, 0.3425290286540985, 0.3336107134819031, 0.30977746844291687, 0.3132806420326233, 0.2947461009025574, 0.299121230840683, 0.2887144088745117, 0.2902928292751312, 0.2757876515388489, 0.2986243963241577, 0.2826770842075348, 0.2939910590648651, 0.2709221839904785, 0.28302717208862305, 0.26941242814064026, 0.27016156911849976, 0.27274489402770996, 0.2767297625541687, 0.27186211943626404, 0.27134037017822266]}