{"accuracy": [0.6516587734222412, 0.6611374616622925, 0.6611374616622925, 0.6895734667778015, 0.7819905281066895, 0.8246445655822754, 0.850710928440094, 0.8744075894355774, 0.8767772316932678, 0.8744075894355774, 0.8767772316932678, 0.8815165758132935, 0.8815165758132935, 0.8909952640533447, 0.8862559199333191, 0.8909952640533447, 0.9028435945510864, 0.9028435945510864, 0.9052132964134216, 0.8957346081733704, 0.8957346081733704, 0.9075829386711121, 0.9052132964134216, 0.900473952293396, 0.9052132964134216, 0.9052132964134216, 0.9028435945510864, 0.9028435945510864], "loss": [0.6362175941467285, 0.5779468417167664, 0.5393354296684265, 0.49952617287635803, 0.4596078097820282, 0.4219326972961426, 0.38878151774406433, 0.3586975336074829, 0.3368789851665497, 0.3196137547492981, 0.3067667484283447, 0.29162415862083435, 0.28761982917785645, 0.2714569568634033, 0.2671308219432831, 0.2585703730583191, 0.251351535320282, 0.2461830973625183, 0.2430678755044937, 0.23953697085380554, 0.24207307398319244, 0.2326728254556656, 0.22961488366127014, 0.23443365097045898, 0.2270413488149643, 0.2211999148130417, 0.22413136065006256, 0.22160515189170837], "val_accuracy": [0.6483516693115234, 0.6483516693115234, 0.6483516693115234, 0.791208803653717, 0.8571428656578064, 0.8571428656578064, 0.8351648449897766, 0.8351648449897766, 0.8571428656578064, 0.8571428656578064, 0.8571428656578064, 0.8681318759918213, 0.8681318759918213, 0.901098906993866, 0.8901098966598511, 0.8901098966598511, 0.901098906993866, 0.901098906993866, 0.8791208863258362, 0.8791208863258362, 0.8791208863258362, 0.901098906993866, 0.901098906993866, 0.8901098966598511, 0.8901098966598511, 0.901098906993866, 0.901098906993866, 0.8901098966598511], "val_loss": [0.6084433197975159, 0.5696945190429688, 0.53224778175354, 0.4908791780471802, 0.4516802728176117, 0.417479544878006, 0.38820919394493103, 0.36276987195014954, 0.34649574756622314, 0.3299158215522766, 0.322186678647995, 0.31031927466392517, 0.3039938509464264, 0.3022836148738861, 0.2939029037952423, 0.2961808443069458, 0.2888937294483185, 0.2879427373409271, 0.2858717739582062, 0.28098100423812866, 0.28419265151023865, 0.27445757389068604, 0.2719443738460541, 0.27707159519195557, 0.2761615812778473, 0.2726508677005768, 0.2720779478549957, 0.2728254497051239]}