{"accuracy": [0.7654028534889221, 0.8649289011955261, 0.8767772316932678, 0.9052132964134216, 0.9099525809288025, 0.8933649063110352, 0.8933649063110352, 0.9241706132888794, 0.9146919250488281, 0.9265402555465698, 0.9146919250488281], "loss": [0.4493550956249237, 0.2997557520866394, 0.27475300431251526, 0.23363588750362396, 0.22206607460975647, 0.22411039471626282, 0.20596356689929962, 0.19659118354320526, 0.1963065266609192, 0.16892121732234955, 0.1742904782295227], "val_accuracy": [0.8461538553237915, 0.901098906993866, 0.8791208863258362, 0.901098906993866, 0.9230769276618958, 0.9120879173278809, 0.901098906993866, 0.8791208863258362, 0.8571428656578064, 0.901098906993866, 0.9230769276618958], "val_loss": [0.3164299428462982, 0.29641905426979065, 0.27716779708862305, 0.27410003542900085, 0.2554149925708771, 0.2464493364095688, 0.28241628408432007, 0.3023778200149536, 0.3551218509674072, 0.2892707586288452, 0.27838248014450073]}