{"accuracy": [0.6682464480400085, 0.8317535519599915, 0.8815165758132935, 0.8815165758132935, 0.8696682453155518, 0.8981042504310608, 0.9052132964134216, 0.9052132964134216, 0.900473952293396, 0.9170616269111633, 0.9170616269111633, 0.9194312691688538, 0.9312795996665955, 0.9312795996665955, 0.9170616269111633], "loss": [0.5766782164573669, 0.40067851543426514, 0.2965185344219208, 0.26580610871315, 0.2746790051460266, 0.23778600990772247, 0.21981793642044067, 0.22033506631851196, 0.20547819137573242, 0.19723568856716156, 0.1908559948205948, 0.18764175474643707, 0.1832251399755478, 0.18907742202281952, 0.1839357316493988], "val_accuracy": [0.7142857313156128, 0.8571428656578064, 0.8681318759918213, 0.8571428656578064, 0.9230769276618958, 0.8791208863258362, 0.8901098966598511, 0.901098906993866, 0.901098906993866, 0.901098906993866, 0.8901098966598511, 0.9120879173278809, 0.8791208863258362, 0.9120879173278809, 0.8901098966598511], "val_loss": [0.48434415459632874, 0.3636092245578766, 0.3138177990913391, 0.35810449719429016, 0.2812395691871643, 0.3085711896419525, 0.2765722870826721, 0.2860316038131714, 0.29358309507369995, 0.2742650806903839, 0.2979050874710083, 0.28259846568107605, 0.3081247806549072, 0.27928054332733154, 0.3379175066947937]}